<?xml version="1.0" encoding="UTF-8"?>
<project-private xmlns="http://www.netbeans.org/ns/project-private/1">
    <editor-bookmarks xmlns="http://www.netbeans.org/ns/editor-bookmarks/2" lastBookmarkId="0"/>
    <open-files xmlns="http://www.netbeans.org/ns/projectui-open-files/2">
        <group>
            <file>file:/D:/Documents/NetBeansProjects/JSP2/web/index.html</file>
            <file>file:/D:/Documents/NetBeansProjects/JSP2/web/edit_student_form.jsp</file>
            <file>file:/D:/Documents/NetBeansProjects/JSP2/src/java/com/student/crud/StudentDao.java</file>
            <file>file:/D:/Documents/NetBeansProjects/JSP2/web/add_student_error.jsp</file>
            <file>file:/D:/Documents/NetBeansProjects/JSP2/src/java/com/student/crud/Student.java</file>
            <file>file:/D:/Documents/NetBeansProjects/JSP2/web/add_student.jsp</file>
            <file>file:/D:/Documents/NetBeansProjects/JSP2/web/delete_student.jsp</file>
            <file>file:/D:/Documents/NetBeansProjects/JSP2/web/index.jsp</file>
        </group>
    </open-files>
</project-private>
